unknown,house_number,postcode,city
804891461L01,130.0,3738TP,SOMEREN
809369291L01,30.0,8321WG,HONSELERSDIJK
001769078L01,20.0,1105AP,ALMERE
809899450L01,13.0,2676LM,RIJSWIJK ZH
001350584L01,32.0,2031CJ,BERGSCHENHOEK
008187046L01,8.0,8102HH,WOUDRICHEM
003352663L01,62.0,1442LC,ROTTERDAM
801547118L01,60.0,3882TN,WERKENDAM
004862612L02,350.0,3442AC,HOENSBROEK
001067254L01,51.0,6662NW,BADHOEVEDORP
001313654L01,42.0,5763AD,EINDHOVEN
005646467L01,198.0,5652AH,BREDA
001894584L02,9.0,4158EM,KATWIJK ZH
003619308L01,8.0,9207AM,LELYSTAD
802464956L01,14.0,4817PA,DIEMEN
809882747L01,226.0,5721WR,MOLENAARSGRAAF
814018002L01,29.0,1059BT,RIJSWIJK ZH
802890301L01,2.0,7825GA,HOOFDDORP
006177359L01,20.0,5451JL,MAASDIJK
800581441L01,7.0,9723TH,SCHIEDAM
806599790L01,23.0,4311NK,ROTTERDAM
007926327L01,2.0,6222NE,DEVENTER
006469371L01,260.0,3331EE,ARNHEM
800270605L01,32.0,2131HC,HOOFDDORP
813926968L01,1.0,1411AW,NIEUWEGEIN
007222026L01,32.0,1424LB,VIANEN UT
001789867L01,14.0,8316RA,RIDDERKERK
006376915L01,16.0,2161DW,LELYSTAD
001110524L01,31.0,7418ES,VLAARDINGEN
807788181L01,4.0,1506EK,URSEM
809953122L01,13.0,1424LE,LELYSTAD
803568538L01,20.0,2342BV,HELMOND
006378110L01,8.0,8211AJ,SPIJKENISSE
805473671L01,5.0,2382NN,WINSCHOTEN
006247258L01,22.0,1718MK,RAALTE
006652232L01,27.0,2224CB,IJSSELSTEIN UT
003852908L01,59.0,2288EN,LEMMER
811668654L01,7.0,4691RZ,BERKEL EN RODENRIJS
807998643L01,2.0,5048AP,DEVENTER
008011916L01,16.0,2352BZ,LUNTEREN
804915544L01,15.0,1311XA,IJSSELSTEIN UT
804527714L01,55.0,3454PE,EDE GLD
806644370L01,252.0,6361HD,VEENENDAAL
001332478L01,18.0,2211XP,ACHTERVELD
800937934L01,1.0,3281NC,NIEUWKUIJK
801832597L01,45.0,5141HA,ZWANENBURG
802241852L01,86.0,5466SB,LEEK
806993650L01,15.0,5657EM,TIEL
008961803L01,93.0,3016BE,ROTTERDAM
004967689L01,16.0,3317DD,SLUIS
806205556L01,17.0,5804CL,'S-HEERENBERG
001638725L01,14.0,3342GR,RIJNSBURG
814235360L01,17.0,5406XT,HOOFDDORP
007044458L01,19.0,3133KM,WOERDEN
802912369L01,164.0,8251JP,LISSE
811571464L01,57.0,6101WV,HIERDEN
810793209L01,15.0,2391PE,LISSE
801099134L01,35.0,4251NN,HOUTEN
008208876L01,42.0,7051DN,GOES
009522803L01,185.0,9611TH,BERGEN LB
009914298L01,2.0,7418EV,DIEMEN
807097391L01,50.0,3316EE,LEIDERDORP
001302346L01,45.0,5301KH,REEK
008270387L01,201.0,3823LJ,CAPELLE AAN DEN IJSSEL
800376833L01,46.0,3336LE,HOUTEN
804244285L01,5.0,7324AR,BREDA
008481696L01,7.0,1187ZS,'S-HERTOGENBOSCH
802269989L01,140.0,3815KL,LOOSDRECHT
801295683L01,31.0,2231BZ,WOERDEN
004259816L01,1.0,5708CW,OLDENZAAL
005366914L01,11.0,1424LH,GRONINGEN
802232693L02,5.0,3812RK,VEENENDAAL
009327551L01,20.0,5141HA,BARENDRECHT
006608954L01,2.0,2491DK,MADE
800386759L01,10.0,4004JD,HAARLEM
800648924L01,300.0,6718XZ,BARNEVELD
004620446L01,18.0,5531PZ,AMSTERDAM
004796524L01,9.0,7332BG,NUNSPEET
007223857L01,37.0,3991MC,NAARDEN
851404819L01,720.0,3295KG,BODEGRAVEN
002007022L01,28.0,2408AB,ALKMAAR
800645893L01,31.0,2161AB,EINDHOVEN
801678870L01,55.0,1072AB,HALFWEG NH
009304162L01,29.0,1012TL,ZAANDAM
804137110L01,15.0,2231BZ,SASSENHEIM
806176362L01,100.0,1321NP,AMSTERDAM ZUIDOOST
001797165L01,19.0,1764KM,ROTTERDAM
004983245L01,5.0,9351TB,ENSCHEDE
008048770L01,45.0,2215TM,HAARLEM
800789106L01,2.0,7041AS,HAZERSWOUDE-DORP
009129376L01,27.0,6827BR,ARNHEM
001388150L01,17.0,1322CE,UTRECHT
809111597L01,22.0,8426AN,SLIEDRECHT
005184137L01,10.0,6658KP,'S-HEERENBERG
802701917L01,2.0,4307NJ,LINSCHOTEN
003543274L01,11.0,3846CG,METEREN
007026249L01,200.0,1021KN,AMSTERDAM
820748316L01,21.0,1101CA,BODEGRAVEN
001326570L01,21.0,8076PA,AMSTERDAM
810485503L01,24.0,7418BA,DE KWAKEL
814118355L01,214.0,3641RM,WAALWIJK
003494895L01,48.0,7556BS,ENSCHEDE
005473263L01,11.0,6961LZ,HELMOND
008293569L01,1.0,5348LD,LEEUWARDEN
808061938L01,21.0,3199LR,MIDDELBURG
806146242L01,25.0,6538SW,KAPELLE
007133716L01,151.0,5531AB,HONSELERSDIJK
006118380L01,4.0,5821EE,MAASLAND
817380346L01,105.0,7071PW,MAASTRICHT-AIRPORT
003329513L01,11.0,8239DL,ASTEN
822533984L01,34.0,9503JB,DORDRECHT
812072248L01,553.0,1461HS,HOOGVLIET ROTTERDAM
811219446L01,9.0,5047TM,UDEN
810895250L01,99.0,7547TB,DRACHTEN
823223723L01,71.0,3165AD,UITGEEST
006148050L01,17.0,5121DB,GRASHOEK
008106174L01,48.0,7903AJ,RIDDERKERK
007760024L01,11.0,4761PJ,EINDHOVEN
801591077L01,60.0,1382JX,BODEGRAVEN
007601256L01,23.0,1101GG,ZWOLLE
004823813L01,8.0,6045GH,UTRECHT
800601622L01,3.0,4401PA,DOETINCHEM
800192436L01,17.0,4421PV,VEGHEL
803276230L01,8.0,2313DL,DELFT
004112933L01,25.0,9351NR,WINTERSWIJK
006931960L01,2.0,3991CN,ROTTERDAM
803870796L01,7.0,5916NV,KUDELSTAART
813278090L01,319.0,4731KX,IJSSELSTEIN UT
809437594L01,8.0,1911DB,DE MEERN
803118880L01,16.0,1081CN,KATWIJK ZH
003656950L01,25.0,3401MH,'S-GRAVENHAGE
800505177L01,4.0,8141GN,STEENWIJK
003370276L01,52.0,3089JH,WADDINXVEEN
805271697L01,17.0,9206AG,UDEN
804484934L01,2.0,5433NC,HEM
001364017L01,5.0,1381HH,BLEISWIJK
802570719L01,91.0,8071CT,BARENDRECHT
801865797L01,666.0,5013CE,HARLINGEN
802163348L01,53.0,1171XW,DUIVEN
005968306L01,34.0,3643AD,RIDDERKERK
811293920L01,19.0,3439MG,LIJNDEN
007115805L01,21.0,5555XS,TILBURG
806604190L01,5.0,4561PA,POELDIJK
804364965L01,116.0,1011AB,GELEEN
801464687L01,79.0,3195HT,GRONINGEN
004860329L01,900.0,3316LJ,SLIEDRECHT
809554811L01,1.0,8242JM,ZWAAG
004956886L01,7168.0,8042AE,EMMEN
009439201L01,38.0,1186DM,RIJNSBURG
810403493L01,1094.0,1976DK,'S-HERTOGENBOSCH
806740206L01,1.0,7418AA,LEIDSCHENDAM
001954428L01,,4285BL,AMSTELVEEN
807717344L01,128.0,3404LE,TILBURG
006244798L01,124.0,2992SB,SOEST
808937881L01,67.0,1424LB,ARNHEM
007254799L01,2.0,5731VK,ROTTERDAM
001326399L01,68.0,4364TB,INGEN
804189924L01,100.0,2201EZ,IJMUIDEN
001193983L01,15.0,2871NG,GRONINGEN
009490486L01,30.0,7741KJ,'S-HERTOGENBOSCH
009716166L01,2.0,5692AK,KESTEREN
002738697L01,2.0,3528BD,UDEN
813154145L01,65.0,2182BL,AMSTERDAM
813352162L01,33.0,2583DK,AMSTERDAM ZUIDOOST
005938934L01,3.0,5705DM,ASSENDELFT
008881224L01,23.0,8321EE,ALPHEN AAN DEN RIJN
001401336L01,7.0,2231AH,ROTTERDAM
806002116L01,50.0,3704GR,GROOTEBROEK
806235044L01,40.0,7336AZ,ZWOLLE
805410405L01,661.0,3401MT,COEVORDEN
813521518L01,101.0,5048AV,HELMOND
805017847L01,26.0,1171VJ,ARNHEM
802825655L01,27.0,2675AD,ZUTPHEN
003322592L01,6.0,6956AV,WEESP
804290453L01,68.0,5657EM,UTRECHT
005899229L01,299.0,8071CT,HEEZE
800826589L01,85.0,7701SG,BREDA
003030994L01,15.0,6199AE,OOSTERHOUT NB
804568443L01,7.0,5141MT,ZWIJNDRECHT
801384862L01,2.0,8211AR,ALMERE
007455331L01,3.0,1424LB,HUIZEN
804363663L01,10.0,3115JG,OSPEL
009714558L01,95.0,3981AJ,ENSCHEDE
801773295L01,98.0,2675KB,CAPELLE AAN DEN IJSSEL
812589695L01,25.0,2171TV,AALSMEER
006909619L01,12.0,1175RD,LELYSTAD
008461648L01,42.0,5221EE,DE KWAKEL
815228739L01,45.0,4706PZ,RIJNSBURG
807720793L01,85.0,3743KN,'S-GRAVENDEEL
801223398L01,7.0,1062HH,PURMEREND
808855785L01,52.0,5405PB,BEST
807905458L01,5.0,3821BN,HAAKSBERGEN
805431597L01,12.0,7532SM,MAASDIJK
008273467L01,11.0,3172VA,GOEDEREEDE
803170968L01,50.0,8218NJ,ROERMOND
806933379L01,1.0,6433PL,ODIJK
805635300L01,40.0,4131PK,RIJNSBURG
008196230L01,40.0,2908KB,GRONINGEN
800504380L01,4.0,1645VM,AMSTERDAM
007562160L01,11.0,2235SH,GOOR
006734534L01,313.0,2988DB,RODEN
800494647L01,8.0,4233GE,LEIDERDORP
009262544L01,15.0,3068AV,'S-HERTOGENBOSCH
009136071L01,21.0,4706PN,SCHIEDAM
814941667L01,9.0,4524JG,OOSTERWOLDE FR
001519098L01,17.0,2408ZG,VLAARDINGEN
806324740L01,33.0,2993TE,DORDRECHT
001712780L01,2.0,5121DP,HARDINXVELD GIESSENDAM
002209998L01,9.0,1013BM,WAALWIJK
003648849L01,105.0,5347JG,PERNIS ROTTERDAM
007826047L01,9.0,1012AB,VOORHOUT
008188014L01,33.0,3133KR,OOSTERHOUT NB
005081488L01,10.0,1606AS,SLIEDRECHT
005103745L01,4.0,6641TC,DE KWAKEL
809068606L01,20.0,7051HR,SCHIEDAM
004387983L01,2.0,2411NS,ENSCHEDE
001510435L01,10.0,5657ES,AALSMEER
805952305L01,185.0,8536TK,VENLO
007958420L01,61.0,1062HG,RIJSWIJK ZH
001323647L01,24.0,8331TJ,ROTTERDAM
009115407L01,28.0,2901AB,STANDDAARBUITEN
806369401L01,11.0,5831PJ,PEIZE
008073533L01,2.0,3991CL,KAMPEN
808178684L01,13.0,2401LK,OSS
801816695L01,15.0,3089JH,AMSTERDAM
807953465L01,4.0,2408AV,NOORDWIJKERHOUT
800686408L01,5.0,3992DE,SCHIEDAM
007732752L01,104.0,3087BK,MIJDRECHT
005807906L01,3.0,2161DX,DUIVEN
808931015L01,121.0,3565AV,ZAANDAM
006474482L01,222.0,2991LN,VARSSEVELD
809061673L01,54.0,8304BE,BORNE
813492543L01,7.0,7575EM,BERGEIJK
802126303L01,39.0,7207BN,HOOFDDORP
800418141L01,23.0,2404CK,BARNEVELD
807529060L01,5.0,3821AH,AMSTERDAM ZUIDOOST
803104765L01,11.0,2404CG,OMMEN
005778244L01,3.0,4782SM,AMSTERDAM
001396857L01,11.0,8331TG,APPELSCHA
006663850L01,1.0,6004RN,MARUM
004970081L01,1.0,2171TV,AMSTERDAM
815561738L01,11.0,9482WE,BLEISWIJK
006931388L01,230.0,4817KK,HELMOND
001118821L01,1.0,5253RA,OOLTGENSPLAAT
009103065L01,8.0,5491TW,HAELEN
800930605L01,73.0,5705CL,APELDOORN
008199176L01,15.0,9734AG,NIEUWKUIJK
800347225L01,155.0,3905KW,AALSMEER
809596155L01,1.0,1213NT,SOEST
804866065L01,54.0,1329AK,APELDOORN
003331684L01,49.0,1822BN,NOORDWIJK ZH
801201639L01,15.0,3144CG,AMSTERDAM
006818997L01,2.0,3461HE,ALBLASSERDAM
001574085L01,1.0,5422VM,RIJNSBURG
006277068L01,24.0,2742RC,OOSTERHOUT NB
002771160L01,40.0,4921PJ,BODEGRAVEN
003374907L01,19.0,6662PR,VALKENSWAARD
002980149L01,28.0,2583DJ,ALMELO
809636074L01,62.0,7131EH,BOSKOOP
006776917L01,3.0,6081AD,WEESP
002724352L01,12.0,8321EG,'S-GRAVENHAGE
813691254L01,15.0,4411RK,KAMPERLAND
810730194L01,5.0,4206CL,ALMELO
009893684L01,26.0,3435SB,BERGEN NH
850368029L01,1.0,3542AB,SNEEK
001051726L01,2.0,1822BN,MOERDIJK
004849449L01,3.0,3029AE,ARNHEM
808248698L01,4.0,5411LS,KUDELSTAART
806846732L01,32.0,7951SC,AMSTERDAM ZUIDOOST
806008866L01,61.0,2678AC,BODEGRAVEN
001843825L01,116.0,1432JH,LELYSTAD
808258278L01,37.0,2952CA,ALMERE
805216352L01,39.0,1332EB,APELDOORN
005989176L01,4.0,3449JK,NIJVERDAL
006647200L01,31.0,2031AZ,CREIL
801849500L01,58.0,3763LZ,RIJNSBURG
008771339L01,168.0,4014PW,NIEUWLEUSEN
809366691L01,2.0,3871MS,TYNAARLO
804345582L01,51.0,7324AG,BREDA
007909901L01,6.0,2288EK,AMSTERDAM ZUIDOOST
004600721L01,4.0,3113AE,VALKENBURG ZH
801864859L01,14.0,8304AR,SCHIEDAM
805382744L01,12.0,1431GB,GRONINGEN
811674393L01,45.0,2635BZ,GEMERT
803654157L01,47.0,4191PC,MILL
003919936L01,26.0,4415AG,EDE GLD
006671020L01,21.0,1082MD,HONSELERSDIJK
009734065L02,11.0,1112AW,VIERLINGSBEEK
804256196L01,42.0,2132HB,VOORHOUT
804886465L01,2.0,7421ZA,APELDOORN
003979805L01,12.0,7418BT,ALPHEN AAN DEN RIJN
812117529L01,16.0,8311PS,'S-HERTOGENBOSCH
814538885L01,4.0,3751BL,DE LIER
001290459L01,9.0,1424LH,ROTTERDAM
008249271L01,2.0,2222AT,NIEUWEGEIN
814547813L01,5.0,6921EW,GROOTEBROEK
809471565L01,52.0,1948RK,IJMUIDEN
806664320L01,212.0,6003DD,HEERENVEEN
805867168L01,18.0,7547TK,LANDGRAAF
820840063L01,95.0,5171PL,STEENBERGEN NB
006920755L01,5.0,2742RH,ZOETERMEER
808053334L01,141.0,2675LP,BENEDEN LEEUWEN
002995827L01,95.0,2652XX,ALMELO
803531540L01,248.0,4651SP,KERKDRIEL
808929495L01,7.0,1411AK,MAASTRICHT
804713820L01,18.0,8281JT,DIEMEN
008628488L01,1.0,2211WV,WINTERSWIJK
807163582L01,128.0,1433GV,HOUTEN
001058332L01,25.0,4814NR,EINDHOVEN
001435760L01,37.0,2595BN,DE KWAKEL
008825361L01,24.0,2215KX,IJMUIDEN
812998145L01,6.0,2984CE,AMERONGEN
800349088L01,2.0,3208KB,ALPHEN AAN DEN RIJN
003643451L01,14.0,3772MT,DELFT
808040509L01,1.0,3446GR,ENKHUIZEN
802196366L01,52.0,3125BD,UTRECHT
807697965L01,111.0,3992DH,HUIZEN
006541720L01,313.0,1424PC,SOEST
009746766L01,7.0,8447GJ,ESCHWEILERDEU
802632968L01,4.0,7411EH,SPIJKENISSE
809123976L01,4.0,7005BK,WESTERVOORT
001417770L01,101.0,5591JL,GIESSEN
807295437L01,55.0,2811BK,OSS
802962634L01,2.0,3871JZ,ROTTERDAM
005470110L01,26.0,2678HA,MAASDIJK
805790925L01,352.0,7707RS,RIJEN
807035075L01,1.0,5462GH,DE KWAKEL
815104984L01,8.0,5825JJ,WEESP
001463445L01,60.0,5145NE,VLAARDINGEN
006477537L01,2.0,2404CD,'S-GRAVENHAGE
806423420L01,26.0,7472DD,SILVOLDE
809785729L01,58.0,2676LE,OMMEREN
808708351L01,11.0,2991LD,AMSTERDAM
006103844L01,10.0,1424LE,
006291454L01,98.0,3832GK,RIJNSBURG
008537367L01,3.0,5262GJ,VEENENDAAL
003834074L01,5.0,5061HW,AMSTERDAM ZUIDOOST
814922570L01,23.0,3237LA,EINDHOVEN
806218290L01,321.0,6651KD,AMSTERDAM
805356265L01,16.0,4794SM,CAPELLE AAN DEN IJSSEL
801735749L01,1.0,1101GC,ROERMOND
806516203L01,12.0,4814RR,POELDIJK
810930407L02,122.0,3752LB,APELDOORN
006998999L01,8.0,2675LV,BALKBRUG
006811437L01,25.0,3208KJ,DE KWAKEL
001510472L01,121.0,6161RB,EINDHOVEN
007515753L01,22.0,3542DR,ALMERE
006319993L01,25.0,2211VM,OUD BEIJERLAND
806607919L01,20.0,5222BG,WOERDEN
006565219L01,182.0,8081HJ,NIEUWEGEIN
001105425L01,16.0,5961HS,VENLO
009385770L01,3.0,2215RW,DODEWAARD
008040746L01,13.0,1433GR,MIDDENMEER
810207333L01,225.0,9723JD,ESPEL
002583045L01,18.0,3903LK,STAPHORST
809510121L01,33.0,7696BG,AALSMEER
850560603L01,7.0,5651CA,DRONTEN
001771140L01,11.0,3994DA,WAALWIJK
006991786L01,11.0,2407AJ,VIERHOUTEN
008782301L01,2.0,5684PJ,WAALWIJK
008548924L01,17.0,2171AH,YERSEKE
802951296L01,15.0,5349BE,ZEVENBERGEN
804193563L01,2.0,5047TR,AMSTERDAM
125830026L01,2.0,1566JP,ENSCHEDE
809834339L01,13.0,1329BA,HUIZEN
811125531L01,21.0,2102LE,SASSENHEIM
001297983L01,27.0,5571NR,TILBURG
003364859L01,24.0,3528AD,BREDA
005827590L01,263.0,7575EJ,UTRECHT
807726187L01,31.0,3544AD,DEDEMSVAART
808459478L01,26.0,3442AC,VALKENSWAARD
808097027L01,12.0,7051CN,DRONTEN
004888960L01,2.0,2215TD,HOOGEVEEN
009626621L01,15.0,5928RH,ZOETERWOUDE
007416192L01,4.0,1681PK,OSS
009598753L01,71.0,2222AG,DEN HOORN ZH
810401174L01,102.0,9321AK,CREIL
006335639L01,83.0,1271EP,MAASHEES
811896201L01,43.0,2622AP,OEGSTGEEST
804398252L01,22.0,1812RR,NIJKERK GLD
807239884L01,231.0,1187WB,NOORDWIJKERHOUT
810193528L01,35.0,8321EA,WAARDENBURG
004134187L01,979.0,6229PM,HAELEN
001615130L01,2.0,3812SX,AALSMEER
802612672L01,22.0,1101CM,MOERDIJK
807387575L01,2211.0,2627AT,BARNEVELD
807121654L01,10.0,1812RR,DEDEMSVAART
806963979L01,9.0,1185XS,TIEL
810369679L01,20.0,5854NA,GENEMUIDEN
822239966L01,3.0,1976BX,ZOETERMEER
001571229L01,58.0,5928RJ,VEEN
004688685L01,176.0,7532SN,ZEVENBERGEN
001712731L01,41.0,1082MA,DE LIER
808106715L01,111.0,2964LG,ROOSENDAAL
850822476L01,50.0,8256SB,LISSE
806332050L01,5.0,5633AA,WAALWIJK
009915710L01,43.0,3125BJ,CAPELLE AAN DEN IJSSEL
815389899L02,1.0,3313CS,ENSCHEDE
812564728L01,2.0,4811DH,ROTTERDAM
004908594L01,39.0,5633AD,NIEUWKUIJK
006699352L01,8.0,4762AE,EDE GLD
008283436L01,37.0,3225LD,ZWOLLE
001528968L01,19.0,2908LC,HOUTEN
006985269L01,41.0,3984NV,HARDERWIJK
807847094L01,10.0,2408AC,AMERSFOORT
007961455L01,33.0,1101EE,SNEEK
807998862L01,17.0,3261LE,NIEUW VENNEP
004300865L01,6.0,6163JT,HONSELERSDIJK
007923752L01,33.0,1097DS,LUCHTHAVEN SCHIPHOL
808315699L01,38.0,6161DE,WORMERVEER
006327370L01,7.0,2908LJ,AALSMEER
823185394L01,2.0,1119NB,ROGAT
009364006L01,37.0,2031BC,RIJNSBURG
804050533L01,10.0,2771NM,CAPELLE AAN DEN IJSSEL
808743867L02,11.0,3899AM,PURMEREND
009345887L01,14.0,7202CN,TILBURG
008846066L01,6.0,3364BA,ALBLASSERDAM
809616257L01,1.0,7421ZT,DORDRECHT
813177194L01,30.0,5222BC,SASSENHEIM
806457041L01,18.0,2211XK,LEIDEN
006725879L01,20.0,4004JP,AMSTERDAM ZUIDOOST
008893822L01,10.0,5349AT,HILVERSUM
802034482L01,1.0,8263CJ,ALPHEN AAN DEN RIJN
815560801L01,39.0,2629HT,HAAFTEN
001381854L01,17.0,1351JC,PUTTEN
805922416L01,26.0,5145RM,HONSELERSDIJK
001679971L02,43.0,2676LM,URK
805911170L01,495.0,5928RH,ERMELO
006099695L01,3.0,6003DG,HOOFDDORP
008258144L01,17.0,1244RL,CAPELLE AAN DEN IJSSEL
801703207L01,34.0,3821BJ,ZELHEM
802708705L01,1.0,6835EA,OUD BEIJERLAND
003335136L01,28.0,7622AX,ZEEWOLDE
008389366L01,89.0,1101GE,VALKENBURG ZH
008193216L01,1.0,2909LK,EINDHOVEN
006800245L01,27.0,3417XH,BARENDRECHT
005919216L01,14.0,5047TN,NIEUW VENNEP
001290381L01,22.0,3067GL,ZALTBOMMEL
806000740L01,43.0,1043AP,YERSEKE
808360681L01,16.0,3252LR,NOOTDORP
002009298L01,20.0,3401MT,OSS
008701416L01,216.0,3208LE,SCHIEDAM
808631640L01,26.0,7325WZ,EINDHOVEN
807857865L01,34.0,2153GC,MIDDENMEER
804908175L01,48.0,3088GB,GRONINGEN
001738586L01,5.0,1187NL,LAUWERSOOG
809281120L01,38.0,1521NE,ROOSENDAAL
804112393L01,2.0,2803PE,WESTKNOLLENDAM
802905572L01,2511.0,2182DC,DORDRECHT
814878246L01,4.0,8071RZ,OUD-BEIJERLAND
008462513L01,6.0,2404BR,ZOETERMEER
009240317L01,2.0,4031JW,LUCHTHAVEN SCHIPHOL
812290719L01,12.0,6716BZ,BERGSCHENHOEK
813938314L01,10.0,1082JP,TIEL
004837873L01,62.0,1231KH,SITTARD
009340919L01,3.0,4421PP,GELDERMALSEN
817063043L01,10.0,4223NC,ZWAAG
007791264L01,2.0,3771MG,MAASTRICHT
009783295L01,24.0,7547AC,WEERT
008934277L01,7.0,5928NL,ZWANENBURG
810774112L01,4.0,2718TE,BADHOEVEDORP
805452850L01,14.0,2712PB,HOOFDDORP
800057193L01,201.0,2132NE,MOERDIJK
800448704L01,3.0,2131AR,'S-GRAVENDEEL
811953099L01,62.0,4338PP,KUDELSTAART
004867087L01,3.0,3447GW,BREUKELEN UT
804829287L01,20.0,1011RN,HENGELO OV
808206096L01,8.0,5823AC,ARNHEM
804806780L01,8.0,7812HZ,DE LIER
001415116L01,15.0,7313AB,NIEUW VENNEP
008647525L01,149.0,3208KJ,MAASTRICHT-AIRPORT
001133901L01,1.0,3088HG,BEST
009389167L01,61.0,7207BP,WAALWIJK
805891067L01,5.0,1613KL,WINTERSWIJK
814766626L01,51.0,1016HR,ALKMAAR
008000542L01,3.0,7554TL,AMSTERDAM
001462155L01,119.0,3824MR,AMSTERDAM
808813560L01,800.0,4704RT,AMSTERDAM
801679618L01,60.0,4401NT,LISSE
803330534L01,8.0,2171AT,WOERDEN
009059684L01,1.0,2031BP,RIJSENHOUT
003111453L01,11.0,1431VM,RIJNSBURG
006720560L01,268.0,3771NG,ZOETERMEER
813986011L01,14.0,5406XC,LEIDERDORP
814908056L01,54.0,2222BH,RIJSSEN
800152761L01,63.0,6035PC,STADSKANAAL
803171857L01,71.0,7701SG,HEDEL
001830387L01,51.0,8321WB,BREDA
007373867L01,4.0,1244RL,DRACHTEN
820593758L01,38.0,3076JH,WINSSEN
001538135L01,80.0,5951CC,WADDINXVEEN
003509369L01,11.0,5253CA,EMMELOORD
811473405L01,11.0,2171PE,ALMERE
818839673L01,27.0,1382JM,UITHOORN
001246811L03,41.0,5342PV,KATWIJK ZH
004515936L01,47.0,1461DW,SCHOONHOVEN
005161538L01,600.0,5321JJ,DORDRECHT
008649030L01,3.0,1114AL,AMERSFOORT
804843661L01,7.0,3846CE,AMSTERDAM
813928059L01,30.0,2988DB,AMERSFOORT
804398665L01,6.0,3528BJ,EDE GLD
008704399L01,260.0,1016EE,URK
006384407L01,36.0,1019HM,SOEST
009526663L01,63.0,5705BK,BARNEVELD
810852366L01,1.0,3433PB,URK
822561037L01,6.0,8321EH,HAARLEM
006980429L01,65.0,7582CR,KATWIJK ZH
809232911L01,12.0,1433GZ,LISSERBROEK
003101137L01,33.0,4879NP,GEMERT
801442199L01,7.0,1422ND,EINDHOVEN
801999212L01,4.0,3197KC,BARNEVELD
808132726L01,28.0,4823AL,EDE GLD
808586002L01,19.0,3902HP,GORREDIJK
001589817L01,8.0,1948NR,RIDDERKERK
004607983L01,2.0,2241BW,WOERDEN
006718449L01,80.0,3454PS,OUD BEIJERLAND
807648772L01,16.0,3417XL,HORST
009150596L01,11.0,1112AA,AMSTERDAM ZUIDOOST
808294647L01,210.0,2131AL,ENSCHEDE
807427780L01,1.0,6825MV,HENDRIK IDO AMBACHT
004584715L01,4.0,2411PR,AMSTERDAM
808016532L01,95.0,3542CG,VEENENDAAL
008879515L01,4.0,5301KR,OUD GASTEL
852816613L01,5.0,8312PX,AMERSFOORT
007259165L01,641.0,5652AJ,MONTFOORT
800626369L01,68.0,2712PB,HAAKSBERGEN
007696164L01,3.0,4004JP,AALSMEER
804913936L01,3.0,3862ZS,NISTELRODE
808473050L01,4.0,4415AG,HOEVELAKEN
815767900L01,89.0,1060LJ,OOSTERHOUT NB
809711758L01,6.0,2661DD,BREDA
002498844L01,9.0,9663AW,APELDOORN
813693421L01,20.0,1073AT,BODEGRAVEN
007896062L01,26.0,6826TP,TILBURG
004362081L01,1.0,1041AT,SCHIPHOL-RIJK
822194351L01,35.0,1186BP,LELYSTAD
001573986L01,9.0,4941VR,ASTEN
008129927L01,24.0,1431GB,UITHOORN
006044840L01,15.0,3161HJ,VOORHOUT
008273066L01,3.0,1332EJ,TILBURG
001912653L01,35.0,4338PL,NUMANSDORP
801691047L01,241.0,2908KE,DEVENTER
002634910L01,33.0,7731SM,GOUDSWAARD
806064055L01,90.0,5521DX,RIDDERKERK
001086339L01,57.0,4191PC,LEIDEN
009895759L01,50.0,4921XG,HARDERWIJK
006101495L01,73.0,8321MR,OUDE MEER
001437306L01,122.0,3257LB,MEERKERK
806528382L01,5.0,1775TA,ARKEL
803692821L01,1.0,3566ME,ALMERE
811559828L01,14.0,1424LH,SPIJKENISSE
806472339L01,64.0,9301NZ,KAMPEN
810395769L01,39.0,1101EE,HOUTEN
813757083L01,17.0,1161JK,NAARDEN
800478253L01,10.0,4611AP,GORINCHEM
806273732L01,42.0,1437EG,SCHIEDAM
001555078L01,11.0,3812RV,MOERDIJK
001126751L01,18.0,6645AG,ZWAAG
810089701L01,18.0,2201DD,AALSMEER
009631835L01,40.0,5348LA,DEVENTER
808114864L01,4.0,4416NL,GOOR
803532726L01,17.0,2629HN,ZOETERMEER
001976618L02,281.0,3087BK,ALPHEN AAN DEN RIJN
808907360L01,11.0,1424LD,LEIDEN
004972016L01,19.0,5047RB,GENEMUIDEN
008464716L01,12.0,1431GB,AMSTERDAM
007887747L01,4.0,4401NZ,WAALWIJK
812689914L01,45.0,3833AN,GOIRLE
802775858L01,10.0,4283GW,ETTEN-LEUR
006198132L01,32.0,2161AC,LELYSTAD
808896805L01,11.0,2665JC,LIESHOUT
009228731L01,3.0,3013AP,BRIELLE
803644802L01,516.0,1021KD,HOOFDDORP
009913002L01,60.0,4413NK,BUNSCHOTEN SPAKENBURG
807993724L01,75.0,1101BB,UITGEEST
810812034L01,58.0,3843AN,KATWIJK NB
006143386L01,15.0,2231DZ,CAPELLE AAN DEN IJSSEL
009505325L01,14.0,2132LR,AMSTERDAM
809684895L01,4.0,3439LG,ALMERE
001627193L01,22.0,2352CZ,SLIEDRECHT
810633899L01,10.0,6003DC,HEERENVEEN
822656413L01,34.0,4879AC,CAPELLE AAN DEN IJSSEL
850060692L01,16.0,6361HB,ROTTERDAM
007466511L01,12.0,7683BL,ELST GLD
814127381L01,30.0,4815HA,MAASDIJK
805934030L01,4.0,1431GB,LEERDAM
006033386L01,9.0,2411ND,VARSSEVELD
005134110L01,32.0,8251JP,OOSTERHOUT NB
807748833L01,131.0,2132NC,LOSSER
804362609L01,63.0,5482TJ,RIJSWIJK ZH
005423867L01,11.0,4814DB,AMSTERDAM
814141912L01,15.0,1216BA,HENDRIK IDO AMBACHT
802594396L01,25.0,2231BZ,RIJNSBURG
802039200L01,28.0,1131PD,SPIJKENISSE
821459983L01,5.0,2404ND,VENHUIZEN
001491398L01,702.0,1976BV,NOORDWIJKERHOUT
006031560L01,20.0,4181CD,HARDERWIJK
815835206L01,8.0,5431NS,WOERDEN
809534034L01,3.0,5405BS,AALSMEER
811089757L01,64.0,5145RM,GORINCHEM
812558923L01,4.0,3846BX,ALMELO
812889642L01,5.0,5571MX,ROERMOND
805727243L01,44.0,1521RC,URK
003692863L01,4.0,2908LJ,DELDEN
006938966L01,22.0,9723TC,RAAMSDONKSVEER
006064425L01,29.0,3861NJ,THOLEN
802033313L01,1.0,6921RR,BARENDRECHT
806460453L01,7.0,1082MA,BEVERWIJK
812692160L01,7.0,1171LP,SCHIJNDEL
811558010L01,9.0,4782PW,ZOETERWOUDE
007970110L01,16.0,8263BC,DEN OEVER
803312362L01,2.0,3771ND,UTRECHT
813249089L01,21.0,3208KD,DORDRECHT
800142615L01,15.0,8531XA,ROTTERDAM
004317798L01,21.0,4702VW,VENLO
007723969L01,12.0,2584HD,HOOFDDORP
809626202L01,15.0,4811VB,DORDRECHT
803805172L01,59.0,1311XE,HAARLEM
810427552L01,55.0,2685DD,AMSTERDAM
801359144L01,45.0,2731BR,BUNSCHOTEN SPAKENBURG
805655578L01,20.0,1431GB,AMSTELVEEN
008836127L01,12.0,2675KB,ROTTERDAM
802735009L01,4.0,1043BW,LIJNDEN
801971007L01,60.0,2719DX,HAARLEM
802113680L01,24.0,4051CG,HOOGVLIET ROTTERDAM
810614261L01,39.0,4261TW,OUDE-TONGE
006930013L01,56.0,5236WB,ROTTERDAM
801470821L01,8.0,3155EC,BAARN
811945157L01,90.0,7609RL,DELFT
808475526L01,15.0,7602KG,VEENENDAAL
811489103L01,13.0,6825MR,HOOGVLIET ROTTERDAM
006549421L01,90.0,6004HT,ALPHEN AAN DEN RIJN
805875116L01,48.0,1021KN,BARNEVELD
003812704L01,19.0,5571MX,BARNEVELD
006086111L01,44.0,2394AD,LUINJEBERD
800003871L01,32.0,3903KG,VLAARDINGEN
807984073L01,21.0,2807JT,BEVERWIJK
812201188L01,5.0,3012KM,'S-HERTOGENBOSCH
006695942L01,16.0,2182DZ,AMSTELVEEN
807832935L01,6.0,1062XK,KATWIJK ZH
008481143L01,3.0,8263AP,AMSTERDAM
822611351L01,25.0,1101BA,HEDEL
812148368L01,1.0,4906AA,HOOFDDORP
001692689L01,1.0,2952AD,VOORHOUT
801970672L01,3.0,2404HH,HOUTEN
802703926L01,13.0,2675AE,VELSERBROEK
803707277L01,45.0,6666ML,DRACHTEN
803608676L01,22.0,2295RV,ALKMAAR
800577954L01,2.0,7547RA,BARNEVELD
813909983L01,160.0,2719EP,KRUININGEN
001921642L01,49.0,1607CL,GOUDA
800922323L01,67.0,2289DJ,RIJSENHOUT
005789709L01,167.0,5704BS,DUIVEN
811641387L01,19.0,2992LB,ROZENBURG NH
008875558L01,2.0,3364AE,HETEREN
001486469L01,104.0,2909VA,ZOETERMEER
807887298L01,37.0,1812PL,BREDA
006835843L01,28.0,3771MN,IJMUIDEN
007374100L01,3.0,3897AL,BLADEL
800088657L01,9.0,3043BM,OOSTHUIZEN
813177376L01,20.0,2988DC,HOOFDDORP
817513632L01,1.0,5688HP,UDEN
003157660L01,5.0,5324JV,HELMOND
006371632L01,4.0,7461TW,WAALWIJK
001269677L01,5.0,2222AG,NIEUWEGEIN
007308553L01,9.0,2741JV,AMSTERDAM
001415451L01,31.0,5406XP,VEGHEL
814508637L01,36.0,5215MX,AMSTERDAM
001082115L01,90.0,2382HA,ROTTERDAM
802774520L01,17.0,5633AC,EMMELOORD
806558519L01,8.0,7521PS,CAPELLE AAN DEN IJSSEL
805224920L01,12.0,7554RW,DELFT
805557532L01,2.0,7971PA,BAAMBRUGGE
801419347L01,1.0,2678HA,KATWIJK ZH
002985251L01,57.0,2718SB,HOOFDDORP
008887391L01,104.0,5215MX,HARDERWIJK
806875185L01,22.0,3047BR,ARNHEM
804570577L01,4.0,1066EP,RIJEN
007527457L01,19.0,1316BN,ALPHEN AAN DEN RIJN
815780382L01,15.0,3113AR,NIEUWE PEKELA
850623789L01,1.0,5628WB,SOESTERBERG
800554395L01,8.0,2161LE,ZEELAND
001312285L01,6.0,3447GX,BEUNINGEN GLD
809392264L01,29.0,7418EE,VIANEN UT
850414453L01,60.0,3861MA,NIJMEGEN
801250857L01,32.0,2718SH,WAALWIJK
008902094L01,15.0,5466RC,SLIEDRECHT
008569952L01,5.0,2231DZ,NUNSPEET
006052538L01,22.0,2685DH,GELDERMALSEN
008701325L01,10.0,3565AK,BREDA
804752369L01,3.0,7582CM,GOIRLE
008551601L01,9.0,2908LJ,ZWIJNDRECHT
814089458L01,1.0,2685DH,HEERENVEEN
852190426L01,16.0,5626DK,HILLEGOM
804714010L01,313.0,7825VZ,ZALTBOMMEL
811627962L01,26.0,7317BB,HOUTEN
004016865L01,1.0,8321MA,AMSTERDAM
001461485L01,35.0,3991CJ,RAAMSDONKSVEER
001927978L01,8.0,2211VN,ZWIJNDRECHT
004249215L01,10.0,2408AR,HOOGEVEEN
804744476L01,151.0,1771SW,AMSTERDAM
008173278L01,3.0,8171NS,ALPHEN AAN DEN RIJN
003573345L01,11.0,5737RA,ZUNDERT
007376728L01,24.0,4387PD,HOOFDDORP
001319772L01,71.0,5633AA,OCHTEN
800470540L01,46.0,6716BX,'S-GRAVENHAGE
001210026L01,7.0,3232LN,SON
803106105L01,8.0,5231DD,WARMENHUIZEN
001579137L01,28.0,5721SV,BOTLEK ROTTERDAM
006360014L01,43.0,3621ZA,CAPELLE AAN DEN IJSSEL
003591256L01,9.0,2809PB,RIJEN
009009516L01,7.0,3903LA,NIEUW-VENNEP
813350219L01,300.0,5531AH,BREDA
813221195L01,7.0,1175RD,AMMERZODEN
800232562L01,5.0,6716WB,DE KWAKEL
004995995L01,2.0,1161JN,MARKNESSE
800809750L01,7.0,2582CB,THOLEN
808383978L01,15.0,5111PB,'S-GRAVENHAGE
001513138L01,1.0,5145NW,NISTELRODE
850512980L01,16.0,2964AM,BROEK OP LANGEDIJK
001915137L02,27.0,3791PM,BELFELD
006168383L01,21.0,2665LN,BEILEN
816108869L01,1.0,2685DB,KWINTSHEUL
006763753L01,8.0,2231BZ,SPANKEREN
009618193L01,12.0,1976BN,ENSCHEDE
809813336L01,10.0,1051KM,NOORDWIJKERHOUT
808183412L01,313.0,3903LP,HAARLEM
812180823L01,16.0,1411LP,ALPHEN AAN DEN RIJN
801867484L02,10.0,4881XZ,BARNEVELD
001741445L01,28.0,2973XE,ZUIDOOSTBEEMSTER
005396682L01,14.0,6081NX,EMMEN
814796047L01,135.0,3194DA,ROTTERDAM
807937800L01,21.0,7442CK,TILBURG
817301665L01,9.0,2411NT,ELST GLD
803604968L01,14.0,5051DS,IJMUIDEN
002099329L01,28.0,9411XM,ROTTERDAM
811296477L01,43.0,2031EL,NIJMEGEN
008580698L01,22.0,1051KL,BEVERWIJK
001146385L01,58.0,3846BX,BREDA
801180569L01,6.0,1424LH,ROTTERDAM
001467529L01,109.0,1431LB,AMSTERDAM
805544057L01,22.0,2909LD,LISSE
009709095L01,11.0,1435CA,HOOFDDORP
810746207L01,14.0,1911DB,AALSMEER
817058229L01,17.0,4941VX,UDEN
807493892L01,53.0,5144NE,WIERINGERWERF
802016893L01,2.0,5342LX,GRIJPSKERKE
006102219L01,46.0,1822BJ,DUIVEN
812057740L01,1000.0,2722NR,ZOETERMEER
007567807L01,14.0,3449JA,NIJKERK GLD
009731271L01,7.0,3016CK,EERBEEK
003123431L01,159.0,1689AP,BRESKENS
809857662L01,6.0,3433PN,STEENWIJK
802074996L01,6.0,6361HB,ZUTPHEN
809941776L01,9.0,1051KM,DE KWAKEL
804837740L01,29.0,1187ZS,NIEUWEGEIN
009879766L01,1.0,3011AA,ENSCHEDE
006099464L01,17.0,2678HA,NIEUWEGEIN
001658177L01,130.0,4241WC,POELDIJK
801625002L01,1032.0,6718XZ,BLADEL
009535020L01,52.0,2685DD,EINDHOVEN
001062426L01,85.0,3903AP,'S-GRAVENHAGE
004987664L01,1428.0,2491BT,NIEUWEGEIN
822574068L01,6.0,6653AB,LELYSTAD
005886247L01,25.0,7102DZ,DEN BOMMEL
001920388L01,539.0,7908HC,DE LIER
814458543L01,2.0,3772ME,KAPELLEBRUG
800468016L01,150.0,7364AJ,NIEUWEGEIN
823017497L01,27.0,7332BP,'S-GRAVENHAGE
006200904L01,2.0,1081BJ,NIEUWEGEIN
008040722L01,2.0,1014AP,ROOSENDAAL
800376675L01,19.0,3316GZ,URK
001864968L01,22.0,2901AB,ZUNDERT
006560234L01,162.0,5321NC,HELMOND
008932414L01,2.0,1431GD,BERGEIJK
806438897L01,25.0,4815NG,ALKMAAR
805398855L01,19.0,2022ED,SOEST
003530048L01,16.0,5222AG,AMSTERDAM ZUIDOOST
810757540L01,1.0,1422ND,AMSTERDAM
003575500L01,41.0,4153BW,ZOETERMEER
005602427L01,24.0,4814RD,TILBURG
008516650L01,5.0,5051HT,WAALWIJK
007984844L01,10.0,7547TD,WADENOIJEN
804383856L01,443.0,1079LK,GOIRLE
007415151L01,92.0,3115JB,AALSMEER
813428853L01,101.0,7642NN,AMSTERDAM
814940055L01,217.0,1435CC,AMSTERDAM
808204324L01,177.0,9672BN,AALSMEER
810663673L01,3.0,7472DE,'S-HERTOGENBOSCH
800133961L01,29.0,1216TJ,AMSTERDAM ZUIDOOST
817089044L01,83.0,7602PH,RAAMSDONKSVEER
809292270L01,5.0,1689AR,EINDHOVEN
001907037L01,73.0,1081CN,MADE
004860317L01,19.0,9723JJ,BREDA
803023078L01,6.0,3431HK,NIEUWEGEIN
813059264L01,3.0,3316BC,HOUTEN
001136562L01,4.0,1424LE,AMSTERDAM
006982001L01,10.0,5249JN,RIJNSBURG
803108382L01,35.0,3071EL,VENLO
809313455L01,26.0,6669CB,ALMELO
808173236L01,26.0,3543AR,TILBURG
801325511L01,9.0,6039RA,EMMEN
804604381L01,313.0,4751RA,HOOGVLIET ROTTERDAM
806959253L01,1.0,5555XK,SLIEDRECHT
822984647L01,21.0,4004JT,RAAMSDONKSVEER
006786789L01,109.0,1332AD,MIDDELBURG
004383096L01,2.0,1101CH,CUIJK
808033670L01,2.0,3364DL,EMMEN
009486860L01,15.0,5657EH,ALKMAAR
001187715L01,48.0,9363TC,DUIVEN
001614228L01,75.0,4202MS,EDE GLD
808638683L01,2.0,3882NC,ZOETERWOUDE
009558196L01,34.0,3446CP,EINDHOVEN
808198129L01,27.0,4782PW,AMSTERDAM
800041975L01,6.0,5026SK,EMMELOORD
006644363L01,16.0,4782PM,BREDA
810199221L01,27.0,3771MB,CASTRICUM
007916693L01,1.0,4511PA,VENLO
006477185L01,145.0,3705LZ,BARNEVELD
008750221L01,63.0,1703DD,MEPPEL
806819704L01,2.0,3295KH,IJSSELSTEIN UT
804935014L01,2.0,3762EA,NUMANSDORP
802529124L01,16.0,3341LT,EINDHOVEN
807249853L01,12.0,5042WH,ALMELO
002020932L01,31.0,4941VP,ROOSENDAAL
007986762L01,19.0,2311CM,ULFT
801766576L01,12.0,3364DL,LIMMEN
801604953L01,1.0,7701SG,ALKMAAR
809361498L01,1.0,4233CH,KAPELLE
812035124L01,9.0,5928LC,RIJEN
003001416L01,33.0,5015BA,UTRECHT
805952330L01,9.0,5047TR,LOSSER
810756584L01,38.0,1756EE,OUD GASTEL
803650991L01,16.0,1822BE,VOORHOUT
004821531L01,18.0,2171KZ,ANDIJK
812067241L01,10.0,3316GL,OOSTERHOUT NB
805556758L01,100.0,7418EJ,WEERT
806557801L01,11.0,6045JJ,NIJKERK GLD
852375463L01,3.0,3194DD,DEIL
009593342L01,7.0,4903RC,MAASDIJK
801873290L01,83.0,4202MS,DORDRECHT
813936214L01,446.0,1689AP,MAASSLUIS
800430803L01,5.0,6045JG,HONSELERSDIJK
802433935L01,17.0,2314XT,IJMUIDEN
008434542L01,6.0,3454PW,ROTTERDAM
009883332L01,16.0,3743JG,DEVENTER
801282226L01,1.0,7336AR,RIJNSBURG
806848911L01,292.0,2984CE,AMERSFOORT
001893415L01,16.0,4181CB,AMSTERDAM ZUIDOOST
004332180L01,17.0,1101CD,VALKENSWAARD
807127711L01,2.0,2215TM,YERSEKE
001449229L01,8.0,5465PS,HAAKSBERGEN
003020472L02,48.0,6814JH,GOOR
800570042L01,11.0,7471CZ,RIDDERKERK
805149107L01,5.0,2718SX,NAARDEN
851727177L01,2.0,2421LJ,VALKENSWAARD
809652912L01,84.0,3992AD,ZOETERMEER
007242037L01,11.0,3115HE,AMEIDE
805287413L01,38.0,4131LX,SINT PHILIPSLAND
001757210L01,8.0,8861VH,HATTEM
809336200L01,17.0,7825GA,APELDOORN
005970441L02,103.0,3762KK,AMSTELVEEN
005790037L01,15.0,2211TL,BROEK OP LANGEDIJK
007574654L01,9.0,5627BT,HOOFDDORP
006248871L01,71.0,3257LB,VENRAY
006998021L01,13.0,1351JC,SURHUISTERVEEN
005585004L01,26.0,1016HA,HAARLEM
805291039L01,66.0,4751PW,HOOFDDORP
007112555L01,90.0,5145NW,HONSELERSDIJK
003437553L01,12.0,2101CB,OOSTDIJK
005436187L01,88.0,4041AC,MOERDIJK
005034358L01,20.0,2803PV,APELDOORN
004699725L01,942.0,5015BB,HILVERSUM
002142843L01,136.0,8218NJ,RAAMSDONKSVEER
001150327L01,76.0,6931KA,NIEUWKOOP
003303755L01,100.0,1213PH,'S-HERTOGENBOSCH
800560917L01,9.0,3958VT,AMSTERDAM
814152752L01,14.0,5991EC,AMSTERDAM
809795152L01,24.0,4881DR,ROTTERDAM
008728306L01,11.0,4675PZ,AMSTERDAM
805523881L01,136.0,2861EX,NOORDWIJK ZH
813264303L01,71.0,2678NL,OSS
003160762L01,8.0,5331KJ,BARENDRECHT
001101900L01,10.0,2231PX,URK
805775778L01,7.0,4906CV,BUDEL
001622651L01,16.0,3542AD,BOVENKARSPEL
003951704L01,99.0,2491BG,DUIVEN
007740542L01,252.0,3771ND,NIJMEGEN
006773072L01,8.0,3905PS,UTRECHT
800060064L01,29.0,7471ST,HEEMSTEDE
009554786L01,67.0,8042PB,AMSTELVEEN
803930914L01,25.0,5048AA,ZEIST
007348332L01,21.0,3316GP,ZEELAND
808548323L01,2.0,2411NT,VENLO
805863771L01,95.0,3641SG,ALPHEN AAN DEN RIJN
008050831L01,33.0,1862PR,ROTTERDAM
801930200L01,29.0,1271EP,HONSELERSDIJK
005828855L01,48.0,7941AS,NIJEHASKE
006105580L01,23.0,8501SN,ZWIJNDRECHT
007553316L01,5.0,3443XB,BREDA
007952235L01,43.0,2382NN,SCHERPENZEEL GLD
001549340L01,2.0,1704SE,KAMPEN
004491221L01,9.0,6702AA,APELDOORN
806264652L01,14.0,7482DB,'S-GRAVENHAGE
804326861L01,90.0,5711CS,VOORHOUT
801555711L01,15.0,8471ZM,VAASSEN
808337129L01,1.0,3372BE,STROE
007479529L01,8.0,6003DD,MILHEEZE
005517692L01,13.0,2685DC,EERSEL
816009478L01,19.0,2153PA,BEUNINGEN GLD
009323399L01,6.0,3526KS,WIJK EN AALBURG
800449915L01,9.0,2132WT,BREDA
001822913L01,4.0,6136XB,ZOETERWOUDE
810413231L01,33.0,7602KC,ROTTERDAM
812017079L01,5.0,1013AA,AMSTERDAM
007553328L01,71.0,2908LL,HOOFDDORP
812153844L01,46.0,5048CA,HEERHUGOWAARD
802353459L01,60.0,2635CZ,ZUTPHEN
006963717L01,128.0,2215TL,UDEN
822929831L01,1.0,2525KJ,WIERDEN
801122168L01,70.0,7483PH,HOUTEN
814125773L01,1.0,7241CW,WOLVEGA
806311289L01,1.0,2011RT,AMSTERDAM
008875832L01,140.0,4761RK,BILTHOVEN
009423114L01,125.0,3072AP,HONSELERSDIJK
007042358L01,34.0,3062MB,DE LIER
811198170L01,48.0,1382KB,DRACHTEN
805983958L01,9.0,9679TD,BAARLO LB
811602102L01,6.0,1016BR,AMERSFOORT
006163300L01,29.0,4131PN,MAASDIJK
802833445L01,6.0,3439MN,AMSTERDAM
004507952L01,19.0,2231BZ,AMERSFOORT
802366740L01,1.0,4401NT,ALPHEN AAN DEN RIJN
823050646L01,17.0,3331ML,IJMUIDEN
802216262L01,7.0,8281JJ,WAALWIJK
851122401L01,169.0,3011AJ,AMSTERDAM
006171473L01,19.0,4817ZN,LELYSTAD
806447643L01,1.0,2031BP,SLIEDRECHT
007695640L01,18.0,9363TH,ZWAAGDIJK
808423915L01,99.0,5144NP,ZOETERMEER
801333386L01,30.0,3542AN,ETTEN-LEUR
803804568L01,27.0,1032LB,VEGHEL
804270181L01,263.0,1101BB,VENLO
807653299L01,9.0,2676BD,KATWIJK ZH
803273769L01,1.0,3763LZ,HAARLEM
008964300L01,1.0,5222AG,HEINO
008532266L01,2.0,2675KB,AMSTERDAM
813266348L01,69.0,3755BZ,MONTFOORT
001392748L01,300.0,8447SL,WAALWIJK
810272465L01,11.0,5928RH,VENLO
801515750L01,34.0,2675AC,DEVENTER
810336595L01,136.0,2631RS,AMSTERDAM
005351261L01,29.0,7041CT,DE KWAKEL
805970630L01,119.0,2713HA,ZAANDAM
809091100L01,313.0,2678PT,EINDHOVEN
003659124L01,22.0,2636EA,ZEEWOLDE
001651250L01,8.0,2678PT,'S-GRAVENHAGE
814454070L01,5.0,1432JG,LUNTEREN
003121446L01,18.0,7949AK,TILBURG
813632390L01,14.0,3905TA,TIEL
009482258L01,29.0,3821BR,HOUTEN
007209046L01,80.0,2132JA,VUGHT
001614915L01,8.0,2382NW,DEVENTER
006848394L01,5.0,5061JR,NIEUWLEUSEN
800382055L01,44.0,3825HA,URK
803108849L01,125.0,8466SL,HELLEVOETSLUIS
810759202L01,26.0,7131PE,HONSELERSDIJK
815330856L02,43.0,1779GS,AMSTERDAM ZUIDOOST
007195175L01,71.0,1112AX,AMSTERDAM
805572843L01,19.0,1051KM,ZOETERMEER
008280125L01,37.0,5145PC,OOLTGENSPLAAT
801856814L01,120.0,6741MN,LOCHEM
001494168L01,1.0,7711GX,VEENENDAAL
001811253L01,6.0,6641TL,PUTTEN
809611363L01,42.0,7554TC,SASSENHEIM
806066040L01,313.0,2382NT,HILLEGOM
001942037L01,26.0,4212KG,AMSTERDAM
808197101L01,11.0,8606JP,GELEEN
003402642L01,217.0,3115HA,WADDINXVEEN
005666302L01,31.0,5215MV,HONSELERSDIJK
850994238L01,45.0,3087AR,WEERT
005750283L01,1.0,2231AL,UITHOORN
002292154L01,3.0,8601VD,OUDENBOSCH
812329570L01,1.0,2742RH,AMSTERDAM
809269934L01,2.0,1424LH,HAASTRECHT
802559372L01,19.0,9207HD,ZUIDOOSTBEEMSTER
812547196L01,20.0,5652AX,MAARTENSDIJK
007854134L01,70.0,5555XP,DE LIER
009602963L01,400.0,4814DC,GOUDA
004298068L01,2.0,1507CE,EINDHOVEN
809300953L01,41.0,6716AK,GOUDA
811064372L01,161.0,5612AA,WAALWIJK
811477745L01,10.0,8401DS,BIDDINGHUIZEN
006287682L01,120.0,3047AV,WORMERVEER
804703875L01,18.0,2225AE,GOES
851545968L01,39.0,3925BV,'T ZAND NH
007738213L01,19.0,6921EW,AMSTERDAM
802098101L01,3.0,4878AL,HOUTEN
803082605L01,315.0,6921RJ,YERSEKE
852336974L01,19.0,1271EJ,ZAANDAM
001090513L01,37.0,3511CJ,EINDHOVEN
007180536L01,3.0,2675KD,KATWIJK ZH
801937917L01,20.0,4758AB,AMSTERDAM ZUIDOOST
001263420L01,37.0,3029AD,CAPELLE AAN DEN IJSSEL
007271542L01,19.0,1112AX,WOERDEN
807051809L02,24.0,4825BP,VEENENDAAL
806685645L01,3.0,2132XV,AMSTERDAM
802091453L01,18.0,2678PT,STADSKANAAL
001549972L01,12.0,3255SB,OSS
814184340L01,28.0,4251LC,HILLEGOM
001866801L01,167.0,2627AW,SPIJK GEM LINGEWAAL
810296597L01,3.0,1184VW,TILBURG
810978556L01,49.0,2153PC,KRABBENDIJKE
005588170L01,23.0,8606JH,AMERSFOORT
804879035L01,64.0,4231DJ,BOTLEK ROTTERDAM
004949511L01,8.0,2231BJ,WADDINXVEEN
814458567L01,67.0,9231DW,ALMERE
005577044L01,52.0,3313CS,DEN OEVER
009578353L01,2.0,7491AE,HILVERSUM
004997153L01,16.0,5657EN,BARNEVELD
812322216L01,54.0,8431NG,HONSELERSDIJK
803839091L01,17.0,7559SP,DEEST
810130300L01,41.0,1082MA,POELDIJK
802758447L01,110.0,3762EH,WAALWIJK
803941432L01,22.0,7622AV,DEVENTER
803290068L01,24.0,1118LD,BLEISWIJK
004582731L01,10.0,3258AC,PANNINGEN
807416071L01,2.0,1991AA,LINNE
006790872L01,10.0,7521PV,HAVELTE
804644809L01,131.0,5121DH,TILBURG
008388738L01,87.0,3203LG,ZEVENBERGEN
817166464L01,10.0,1613KV,JOURE
008443312L01,88.0,5145NS,GIESSEN
005492555L01,20.0,4175LS,ROTTERDAM-ALBRANDSWAARD
003326263L01,2.0,2132LS,HARDERWIJK
004974943L01,20.0,4143HV,BARENDRECHT
079220514L01,25.0,1165MK,BURGERVEEN
850009960L01,127.0,3771ND,APELDOORN
812836777L01,60.0,1433AP,AMSTERDAM
814311325L01,12.0,7547TA,ETTEN-LEUR
005069853L01,33.0,2221PG,HEDEL
808404994L01,30.0,5283HA,URK
800078056L01,2.0,7942JE,ALMERE
806441422L01,98.0,7604BJ,STEENWIJK
812027802L01,35.0,7102DW,EINDHOVEN
004700569L01,1.0,5683PL,DRONTEN
007521753L01,3.0,1083HJ,ALKMAAR
003125099L02,2.0,2231BZ,HARDINXVELD GIESSENDAM
008533581L01,21.0,2908LJ,VIERPOLDERS
004869254L01,14.0,3364DG,CAPELLE AAN DEN IJSSEL
803583795L01,7.0,3043NA,BREDA
808670827L01,43.0,1812RE,AMSTERDAM
007608858L01,32.0,8171MC,HELMOND
804780171L01,30.0,6021GM,HEEMSTEDE
005707511L01,310.0,4283JE,YERSEKE
801519652L01,54.0,5928LN,GOOR
001423046L01,12.0,4941VN,VUGHT
804786574L02,2.0,4565ER,HARDERWIJK
003588610L01,12.0,1976DK,HENGELO OV
008788960L01,9.0,1021JL,HOEK VAN HOLLAND
007888144L01,298.0,5145PW,LEIDEN
814620346L01,48.0,6227AJ,AMSTERDAM
003405734L01,1.0,8263BC,GELEEN
822616713L01,55.0,2404CD,UTRECHT
805342679L01,41.0,1525RB,SCHIPHOL-RIJK
007179546L01,16.0,1382JR,BRUCHT
003799396L01,13.0,5928LK,ALMELO
817401982L01,74.0,4872LA,VLISSINGEN
008884924L01,102.0,1119RB,HELMOND
806121890L01,4.0,1105BE,AMSTERDAM
008275798L01,24.0,3846AN,WOERDEN
003930841L01,3.0,1332BB,SPIJKENISSE
803238320L01,5.0,6741PP,LEIDSCHENDAM
009368802L01,14.0,2675KB,BRUINISSE
810562753L01,16.0,6515AS,SCHIPLUIDEN
813143998L01,33.0,3267LW,EINDHOVEN
007075145L01,40.0,5253RC,EDE GLD
003523457L01,140.0,2678PS,ROTTERDAM
802578755L01,62.0,1011AB,AALSMEER
851776188L01,5.0,8312RH,OLDENZAAL
802111336L01,5.0,7547TK,ANKEVEEN
803681197L01,64.0,3771ME,ETTEN-LEUR
001825033L01,74.0,3261NB,VEENENDAAL
808081020L01,5.0,1031HH,ENSCHEDE
807054793L01,13.0,1096AV,ROTTERDAM
806534849L01,44.0,2408AK,LELYSTAD
802587653L01,1.0,2231BZ,VAASSEN
003142504L01,8.0,9721TK,LICHTENVOORDE
801899680L01,77.0,2288EL,BREDA
805323090L01,15.0,4941VP,ZWANENBURG
005406833L01,45.0,2351AX,AMSTERDAM
005483281L01,1.0,1059CA,BARNEVELD
807551132L01,313.0,5657EM,AALSMEER
002722586L01,24.0,5321HG,ANDELST
815798763L01,8.0,4815NG,DORDRECHT
001507862L01,56.0,8226JX,ENSCHEDE
007101569L01,1.0,3899BB,POORTUGAAL
006819230L01,1.0,2401LP,AALSMEER
005761852L01,15.0,9672BN,SOEST
804728987L01,10.0,5491DD,HAARLEM
802102712L01,56.0,1013AP,DE LIER
001930321L01,6.0,4751RT,DEN HOORN ZH
009656686L01,476.0,1013BB,AMSTERDAM ZUIDOOST
801743229L01,11.0,2222AK,DE KWAKEL
812364491L01,86.0,7333NP,AMERSFOORT
008640956L01,17.0,2987VD,KAATSHEUVEL
800985230L01,1.0,2675KB,BLADEL
808029150L01,58.0,5222AJ,HOUTEN
810639890L01,34.0,3925BD,UTRECHT
811714780L01,24.0,3741LK,HONSELERSDIJK
002303887L01,100.0,8013PE,BORNE
784193058L01,87.0,4194PP,AMSTERDAM-DUIVENDRECHT
809303796L01,7.0,1042AD,DE KWAKEL
009326194L01,28.0,7207BR,AMSTERDAM
005998530L01,37.0,7544RT,SCHERPENZEEL GLD
008273510L01,8.0,3439MN,OBDAM
803379936L01,3.0,4462HB,UTRECHT
001286596L01,11.0,2909LK,ROTTERDAM
810568524L01,411.0,1619AE,DELFT
003733397L01,4.0,2678PT,MAASTRICHT
008710879L01,6.0,5705CS,HULST
814223837L01,1002.0,7391TM,'S-GRAVENHAGE
804522960L01,11.0,4261TV,ZOETERWOUDE
001513126L01,17.0,2685DH,ROTTERDAM
001274478L01,60.0,3047BR,STRAMPROY
813339248L01,1.0,1333DB,WEERT
804877324L01,42.0,7547SM,GROOT-AMMERS
001547550L01,80.0,7751BD,EINDHOVEN
813986412L01,1.0,7609RD,AMSTERDAM
004484009L01,22.0,7556ND,HOOFDDORP
805677628L01,1.0,8459BL,UTRECHT
811234666L01,2.0,4823AA,DE KWAKEL
009688511L01,1.0,4818CP,AMSTERDAM
804405293L01,273.0,1013AP,HENGELO OV
809260074L01,23.0,2741JV,MIDDELBURG
008461934L01,220.0,1161CR,NUNSPEET
005780937L01,6.0,5688XG,STAPHORST
003867201L01,4.0,3371KB,'S-GRAVENHAGE
806430096L01,2.0,3439LD,BORNE
801334664L01,115.0,4941VN,AMERSFOORT
003907260L01,9.0,2685DB,HEERENVEEN
009184600L01,23.0,3193EP,HOORNAAR
005678146L01,42.0,2222AG,NUNSPEET
803298547L01,1.0,1112BA,WAALWIJK
809785444L01,37.0,3261LG,DOETINCHEM
808914777L01,6.0,8502TW,ALKMAAR
815188316L01,153.0,3641SK,SASSENHEIM
804033444L01,17.0,2718SG,ZUTPHEN
801490182L01,4.0,3752LJ,HILLEGOM
009664750L01,1.0,9976VN,AMSTERDAM
800663962L01,24.0,1775TA,AMSTERDAM-DUIVENDRECHT
822557423L01,12.0,8321WT,VEGHEL
001568127L01,4930.0,2266GH,AMSTERDAM
802635611L01,18.0,3281NC,AMSTERDAM
004793341L01,45.0,1507CD,HEEL
004372128L01,3.0,1976DK,ENSCHEDE
802082397L01,16.0,2516AH,ALPHEN AAN DEN RIJN
820127589L01,33.0,3311BT,BERGAMBACHT
007747020L01,313.0,5504NA,HILVERSUM
004048374L01,659.0,9051BM,EINDHOVEN
812356706L01,25.0,8064AH,DINXPERLO
815532520L01,12.0,7553LZ,BREDA
008178380L01,13.0,8218NJ,UTRECHT
001818089L01,6.0,7064GD,CAPELLE AAN DEN IJSSEL
005770543L01,28.0,2411PX,URK
007912535L01,67.0,2231BZ,'S-HERTOGENBOSCH
809940826L01,5.0,1431GB,BREDA
002724340L01,17.0,8601WR,EINDHOVEN
009715216L01,55.0,2718RS,RIJSWIJK ZH
805544471L01,26.0,1431GB,SLIEDRECHT
803517683L01,52.0,3047BS,HENGELO OV
814559049L01,10.0,3089KC,OLDENZAAL
802062933L01,8.0,3316GL,WILNIS
801576416L01,30.0,1071BP,ENSCHEDE
850639633L01,14.0,2171AM,DE KWAKEL
806953536L01,33.0,4337RC,DRUTEN
813024390L01,6.0,5704RC,WAALWIJK
808847211L01,39.0,2676LV,GORINCHEM
006868848L01,19.0,5144NT,AMSTERDAM
817166245L01,8.0,1424LH,POELDIJK
005670688L01,30.0,4462GS,NIEUWEGEIN
007439659L01,13.0,3364BA,AMSTERDAM
814137854L01,3.0,3606AS,DEDEMSVAART
003155249L01,11.0,5061JR,WIJCHEN
005176785L01,120.0,2991LR,GORINCHEM
810737450L01,1.0,6163HG,ALMERE
812579525L01,5.0,2154MS,BARENDRECHT
852788022L02,1.0,8211AR,SCHEEMDA
806841047L01,5255.0,6716BM,LEEK
005813141L01,27.0,7021BL,VOORHOUT
808972005L01,74.0,7418EW,BEUNINGEN GLD
001292894L01,27.0,2132JD,UTRECHT
007101570L01,4.0,6065BH,WOERDEN
816965171L01,5.0,2181HG,NIEUW VENNEP
006846646L01,14.0,4906CV,BUNSCHOTEN SPAKENBURG
008316946L01,10.0,3771ND,HAZERSWOUDE-RIJNDIJK
001918357L01,37.0,2991LN,UTRECHT
851884246L01,89.0,6511AA,ZAANDAM
850772047L01,5.0,3991SZ,ZEIST
009774701L01,38.0,3849PE,ALPHEN AAN DEN RIJN
814076191L01,11.0,7951NP,GOUDA
001038370L01,18.0,3833GZ,TILBURG
003248847L01,142.0,3528BB,ROTTERDAM
807069632L01,63.0,1396JC,MIJDRECHT
009588681L01,39.0,2231GR,WIJK BIJ DUURSTEDE
008132495L01,9.0,1424LE,ALMERE
805113514L01,12.0,2132JG,AMSTERDAM
809563848L01,6.0,9723TH,HENGELO OV
006750278L01,67.0,1507CJ,ROTTERDAM
001248613L01,70.0,3012CL,HEEREWAARDEN
001438694L01,4.0,4837CZ,HILVERSUM
803824658L01,3.0,7547SV,DIEMEN
006818547L01,661.0,6374BW,DEVENTER
802462091L01,8.0,,DE MEERN
800311152L01,11.0,6812AR,RIJSSEN
004550055L01,1.0,1611KJ,ROTTERDAM
804617053L01,26.0,3881SC,VIANEN UT
809414314L01,3.0,2165BG,LELYSTAD
816024625L01,48.0,1906BG,HEEMSTEDE
809005657L01,69.0,3331MB,ZWAANSHOEK
003022304L01,14.0,7554NB,'S-GRAVENDEEL
009622378L01,24.0,3769CE,WAGENINGEN
001544743L01,8.0,4032NB,STIENS
808123439L01,42.0,6641TC,EINDHOVEN
808603711L02,18.0,1446TN,ROTTERDAM
001015096L01,11.0,2132HK,LEUSDEN
813263165L01,21.0,3132AA,ALMERE
809291290L01,87.0,3144ES,BOXMEER
005529542L01,14.0,2411RC,WERKENDAM
809804396L01,23.0,6921RE,DE MEERN
810600262L01,291.0,3812RT,DORDRECHT
005864823L01,337.0,3776LZ,AALSMEER
001684255L01,91.0,1422AC,WADDINXVEEN
813613541L01,1.0,2675LN,MAASVLAKTE ROTTERDAM
813286281L01,51.0,1114AA,RIJSWIJK ZH
001839561L01,2.0,5422VX,'S-HERTOGENBOSCH
001415001L01,7.0,2288GG,ROOSENDAAL
810722550L01,29.0,5375AL,OIRSCHOT
815617768L01,8.0,8051KR,VOLENDAM
008699057L01,12.0,2661JL,LEUSDEN
006898828L01,2.0,5405BS,MAASSLUIS
813607322L01,4.0,4401NV,MADE
006094065L01,28.0,7317AN,ANKEVEEN
810452157L01,3.0,2718SL,GELEEN
009161454L02,25.0,1525RH,HILLEGOM
801765183L01,29.0,2675LN,SINT OEDENRODE
001125369L01,570.0,7631AE,NUTH
808405937L01,19.0,3295KH,BERGEIJK
806964376L01,166.0,1432BJ,DE LIER
804161835L01,16.0,4903RJ,TILBURG
802484591L01,18.0,4431RL,BARENDRECHT
801254528L01,6.0,3011XB,ALMERE
812478691L01,81.0,3151ZJ,KAMPEN
810324015L01,45.0,2132LS,VEENENDAAL
805291106L01,11.0,8218MA,MAARSSEN
007856362L01,2.0,1901NP,NIJKERK GLD
008923929L01,66.0,1382JZ,ALMERE
003361986L01,12.0,D52249,DUIVEN
808735913L01,93.0,1043HS,SASSENHEIM
813013173L01,52.0,6662NE,SASSENHEIM
006639732L01,1.0,3447GG,AALSMEER
006302361L01,11.0,1033MZ,LICHTENVOORDE
807700769L01,14.0,2352AB,VEENENDAAL
803946806L01,48.0,5145RE,GELDERMALSEN
008975590L01,20.0,7071EC,BREDA
008121722L01,18.0,1812RL,VEENENDAAL
007758510L01,2.0,2132WV,KUDELSTAART
008502651L01,33.0,5652AH,NUTH
004325886L01,29.0,1941EC,ROTTERDAM
801928369L01,38.0,8442CW,AMSTERDAM
801505975L01,49.0,5262ED,DE KWAKEL
001738100L01,21.0,2988DC,BEESD
008042706L01,130.0,1438AN,WELL LB
802977881L01,1.0,5855ES,ECHT
006403888L01,12.0,2517JK,DE LIER
008366263L01,15.0,2231BZ,RIJNSBURG
810111214L01,3.0,1431GB,NUNSPEET
800782999L01,16.0,2665NM,OUD GASTEL
850708400L01,71.0,1329BB,LEEK
001067308L01,11.0,6067AS,BOXTEL
001669953L01,19.0,6716AE,LEIDEN
801830783L01,23.0,9502EV,'S-HERTOGENBOSCH
005410538L01,184.0,8071SE,EEMNES
005468954L01,48.0,2132WT,RIJNSBURG
003685962L01,27.0,2851AE,ZWAAGDIJK
819750669L02,4.0,5215MH,WERKENDAM
001327057L02,310.0,3771MB,EDE GLD
004757580L01,142.0,7102JM,'S-GRAVENPOLDER
800875953L01,10.0,1606ML,ALMERE
004752314L01,5.0,1014BG,BARNEVELD
001154163L01,4.0,3905PT,LEIDERDORP
815505607L01,124.0,2353JJ,ALMERE
810787921L02,79.0,1721CH,LEIDERDORP
810807968L01,3.0,4921PJ,RAAMSDONKSVEER
001183813L02,3.0,5981WZ,OISTERWIJK
007385791L01,51.0,7006RK,POELDIJK
802824006L01,109.0,2333CC,ROOSENDAAL
008339843L01,2.0,5985NX,SPIJKENISSE
805766169L01,35.0,1422ND,OOSTERZEE
808363153L01,98.0,3364DK,ENSCHEDE
813404022L01,28.0,3261LK,HELLEVOETSLUIS
810111834L01,6.0,7575EE,WAARDENBURG
807590563L01,5.0,6624KK,SCHIEDAM
805911637L01,151.0,8938AJ,VELDHOVEN
807296569L01,28.0,7075DL,MEPPEL
801565856L01,28.0,2675KB,HAARLEM
004299139L01,18.0,4879AZ,MONTFORT
815799317L01,21.0,3316BG,BEVERWIJK
007036784L01,41.0,1507CG,AMERSFOORT
003090991L01,3.0,1055RP,WOERDEN
809121906L01,14.0,5121DJ,DORDRECHT
006312925L01,274.0,2678NT,HONSELERSDIJK
007160537L01,40.0,2231BZ,NOORDWIJKERHOUT
814612052L01,51.0,2136LL,HEIJNINGEN
807563134L01,40.0,2153PL,HOLTHEME
815256206L01,100.0,3115JD,SINT OEDENRODE
809819946L01,3.0,2288EK,WEESP
813237737L01,12.0,5624CL,WESTKNOLLENDAM
005482975L01,28.0,3439MN,OVERLOON
814061898L01,24.0,1432DE,DEN HAM OV
001401671L01,90.0,6718XN,LOCHEM
810389587L01,9.0,8071CT,VENRAY
801555140L01,8.0,1019AG,ALPHEN AAN DEN RIJN
004656763L01,211.0,2031EH,ZEEWOLDE
808694443L01,13.0,4705AG,AMERSFOORT
805983661L01,53.0,1076DE,ULFT
808388290L01,13.0,2809PG,AMEIDE
001491751L01,379.0,7091HS,RIDDERKERK
804614088L01,16.0,8243PZ,AALSMEER
815471312L01,16.0,1721PR,ETTEN-LEUR
851703884L01,182.0,3433PE,LIEREN
805593020L01,3.0,1322AL,APELDOORN
001197174L01,6.0,5928NM,RHOON
816996842L01,30.0,2181MG,ALBLASSERDAM
009124895L01,4.0,3903LA,LEUSDEN
801630198L01,165.0,5234KC,BADHOEVEDORP
006874642L01,35.0,3313LA,HILVERSUM
008451680L01,40.0,1431BX,MIJDRECHT
804201547L01,2.0,3047AS,SCHIEDAM
006239237L01,215.0,5051DS,WEESP
802778379L01,14.0,8331TH,REEUWIJK
008123639L01,12.0,1217GP,NIEUW VENNEP
003252735L01,52.0,2908KD,BARENDRECHT
801675947L01,66.0,6604LM,AMSTERDAM
007263570L01,221.0,1713GM,CAPELLE AAN DEN IJSSEL
008029507L01,4.0,8312PZ,HENGELO OV
008339223L01,171.0,5652AP,YERSEKE
807388968L01,7.0,4704SC,BAARN
803808902L01,274.0,7461AD,OISTERWIJK
007771782L01,313.0,8321MA,URK
809560173L01,4.0,2676LM,VENLO
805684530L01,33.0,8013NJ,AMSTELVEEN
001241643L01,68.0,4691SC,PAPENDRECHT
802956063L01,24.0,1431GB,DEVENTER
005436527L01,1.0,1051KM,EINDHOVEN
812513678L01,40.0,5667KV,WEERT
816031575L01,11.0,6716BZ,WAALWIJK
801985626L01,4.0,4906CG,DE KWAKEL
821853545L01,16.0,6466NH,BARENDRECHT
808703894L01,10.0,4782PG,NIEUWKUIJK
008941531L01,10.0,7547TC,BAARN
009019133L01,10.0,5626DC,AMERSFOORT
810386732L01,12.0,4191NZ,WEESP
803893516L01,217.0,2952CA,AMSTERDAM-DUIVENDRECHT
005135941L01,33.0,3605MA,VENHUIZEN
807114601L01,2.0,3821BR,MOERDIJK
800203276L01,4.0,1601ML,WOERDEN
805729148L01,42.0,3815KM,LEUSDEN
005993428L01,2.0,3194DD,BERGEN OP ZOOM
811159267L01,125.0,7622AS,TYNAARLO
814133174L01,25.0,4004JV,ROTTERDAM
804782350L01,1.0,9207GL,RIJNSBURG
800023766L01,19.0,2952DB,WINSCHOTEN
009020263L01,11.0,7787EH,LEIDEN
001616559L01,25.0,8304BL,POELDIJK
804729979L01,21.0,8251KT,ELST GLD
007362444L02,4.0,5803AP,HOOGWOUD
006181302L01,2.0,8331TJ,ROSMALEN
009149260L01,22.0,2991LN,AMERSFOORT
803603599L01,88.0,5928RH,MIJDRECHT
001193375L01,4.0,3771MA,POELDIJK
814457526L01,161.0,7556BN,RIJEN
006469851L01,27.0,1112AX,BERGSCHENHOEK
007844268L01,11.0,3225LD,OMMEREN
808842432L01,7.0,3364BA,WASSENAAR
007509455L01,26.0,5144NC,MIERLO
001485167L01,4.0,3542EB,HELMOND
808436533L01,28.0,1431GB,ALKMAAR
006879913L01,9.0,2661DG,VENLO
805272987L01,81.0,4251NM,ALPHEN AAN DEN RIJN
001867970L01,11.0,5555XP,JOURE
009320635L01,30.0,6199AE,VENLO
803426112L02,125.0,1213PE,'S-HERTOGENBOSCH
009780208L01,39.0,1474MR,ZAANDAM
801418550L01,1.0,2235SE,DIEMEN
801397807L01,41.0,3812PM,ROTTERDAM
801907962L01,250.0,4493BJ,GOIRLE
172881791L01,21.0,2991LD,VARSSEVELD
006162629L01,63.0,3072DE,DORDRECHT
001745670L01,25.0,5626EB,AMSTERDAM
803927678L01,21.0,3072AP,EMMEN
800179225L01,31.0,3741LN,BUNNIK
817064278L01,34.0,3763LZ,SNEEK
006953293L01,8.0,5081AE,AMERSFOORT
001476397L01,74.0,4264RW,ELBURG
813101025L01,8.0,1059CH,GRONINGEN
008543574L01,8.0,7483PG,HILVARENBEEK
806858278L01,20.0,1327EC,OOSTERLAND
801733066L01,28.0,6921RW,EDE GLD
001516498L01,174.0,1779GS,ZOETERMEER
002209901L01,210.0,5144NN,GORREDIJK
001053966L01,2.0,4822ZW,VENLO
009813056L01,11.0,3991CJ,ALPHEN AAN DEN RIJN
804545248L01,10.0,6921VB,BAARLE NASSAU
003334958L01,9.0,3961MT,HENGELO OV
809822313L01,37.0,7821AK,NOORDWIJKERHOUT
802119177L01,1.0,1976DC,CAPELLE AAN DEN IJSSEL
800164301L01,9.0,9351VK,LIMMEN
801545092L01,10.0,2153PH,ZWARTSLUIS
801742274L01,68.0,2289DJ,OISTERWIJK
004548164L01,114.0,8218NK,OSS
814926010L02,55.0,4401NT,ALBLASSERDAM
001806956L01,19.0,5916NX,GRONINGEN
812492614L01,13.0,2266JK,HENGELO OV
805549729L01,50.0,5411RK,MARUM
003826715L01,100.0,7544RT,GROOT-AMMERS
009298976L01,13.0,3433PJ,HENGELO OV
001506894L01,120.0,5144MB,HEERHUGOWAARD
814340015L01,1.0,4941TB,AMSTERDAM
813051411L01,24.0,7711EJ,RIJNSBURG
009892370L01,4.0,1681NN,HOOFDDORP
808963193L01,29.0,2901AM,SAPPEMEER
804885394L01,39.0,3992AL,ENSCHEDE
808821738L01,15.0,1033WB,RILLAND
801625944L01,2.0,2402NR,'S-GRAVENHAGE
815238149L01,26.0,3542AB,DORDRECHT
807053600L01,84.0,3197KH,UTRECHT
001853995L01,6.0,4838EV,BODEGRAVEN
806657819L01,50.0,3648AB,RAAMSDONKSVEER
800138636L01,562.0,7602KE,DIEMEN
810083917L01,1.0,1906BJ,CAPELLE AAN DEN IJSSEL
006660319L01,43.0,5145NE,TWELLO
008061737L01,190.0,4032NH,ENSCHEDE
806508978L01,1.0,9723CC,LELYSTAD
803807247L01,1.0,2991VT,BAARN
001239296L01,148.0,5951NT,BREEZAND
003019755L01,21.0,3832GK,BELFELD
801326138L01,3.0,3821AH,KATWIJK ZH
800075195L01,9.0,2332KG,UITHOORN
001860355L01,48.0,2321BL,DEVENTER
004931300L01,24.0,2215TA,CREIL
807434279L01,18.0,1114AL,ALPHEN AAN DEN RIJN
800843988L01,4.0,1432KC,GOUDA
005936585L01,7.0,5388PM,BENTHUIZEN
803537840L01,25.0,5705DG,DE LIER
817381338L01,7.0,2594AN,ALMERE
007069388L01,11.0,4822NH,EDE GLD
814541483L01,87.0,1118LD,DALEN
851124690L01,44.0,1051KM,EMMEN
810519811L01,14.0,1948RL,AALSMEER
800916645L01,51.0,2132NC,ZWIJNDRECHT
007002701L01,15.0,2153LL,NUTH
007225763L01,14.0,4782PZ,ZOETERMEER
800429783L01,4.0,5051DV,AMSTELVEEN
801430252L01,1.0,7241MB,'S-HERTOGENBOSCH
006482338L01,40.0,4202MS,OOTMARSUM
006836410L01,22.0,2031BH,DE LIER
805401635L01,10.0,3852AB,RIJNSBURG
809482083L01,27.0,3079DN,UTRECHT
801981049L01,80.0,8401BL,GELDROP
009597128L01,14.0,9482WL,HOEVELAKEN
809692442L01,300.0,6097EX,ZWOLLE
004134709L01,240.0,3331LL,ETTEN GLD
806306099L01,60.0,3133KV,OIRSCHOT
807651606L01,755.0,5253RD,PUTTEN
823135184L01,5.0,6673DM,AMERSFOORT
003613240L01,16.0,3543AB,KERKRADE
813316376L01,19.0,3723BK,WIJK EN AALBURG
800012719L01,14.0,3992LL,RIJSWIJK ZH
814962038L01,50.0,7521BE,UTRECHT
006095641L01,44.0,2105MC,ALMERE
804748305L01,177.0,5121LD,UTRECHT
804873124L01,8.0,5388PP,OOSTDIJK
007127443L01,1.0,1749DN,MAARSSEN
001993148L01,31.0,5705CS,STEENWIJK
808892563L01,24.0,1506RZ,ARNHEM
004355660L01,850.0,7825VE,AMSTELVEEN
006462522L01,13.0,3449JA,ENSCHEDE
006852282L01,7.0,3861RN,TIEL
008768225L01,6.0,6825MR,BREDA
009837279L01,8.0,1105AR,WAALWIJK
806509314L01,75.0,1017CA,WEERT
007880881L01,11.0,3351LD,WAALWIJK
801556272L01,14.0,1322CE,SNEEK
802787435L01,17.0,8448CC,NIEUWEGEIN
